{
  "formatVersion": 1,
  "database": {
    "version": 1,
    "identityHash": "423954e4766402b59fabcf64abfefe1c",
    "entities": [
      {
        "tableName": "account_table",
        "createSql": "CREATE TABLE IF NOT EXISTS `${TABLE_NAME}` (`accountName` TEXT, `accountNumber` INTEGER NOT NULL, `balance` INTEGER NOT NULL, `mobileNumber` TEXT, `accountType` TEXT, `email` TEXT, `password` INTEGER NOT NULL, `id` INTEGER PRIMARY KEY AUTOINCREMENT NOT NULL)",
        "fields": [
          {
            "fieldPath": "accountName",
            "columnName": "accountName",
            "affinity": "TEXT",
            "notNull": false
          },
          {
            "fieldPath": "accountNumber",
            "columnName": "accountNumber",
            "affinity": "INTEGER",
            "notNull": true
          },
          {
            "fieldPath": "balance",
            "columnName": "balance",
            "affinity": "INTEGER",
            "notNull": true
          },
          {
            "fieldPath": "mobileNumber",
            "columnName": "mobileNumber",
            "affinity": "TEXT",
            "notNull": false
          },
          {
            "fieldPath": "accountType",
            "columnName": "accountType",
            "affinity": "TEXT",
            "notNull": false
          },
          {
            "fieldPath": "email",
            "columnName": "email",
            "affinity": "TEXT",
            "notNull": false
          },
          {
            "fieldPath": "password",
            "columnName": "password",
            "affinity": "INTEGER",
            "notNull": true
          },
          {
            "fieldPath": "id",
            "columnName": "id",
            "affinity": "INTEGER",
            "notNull": true
          }
        ],
        "primaryKey": {
          "columnNames": [
            "id"
          ],
          "autoGenerate": true
        },
        "indices": [],
        "foreignKeys": []
      }
    ],
    "views": [],
    "setupQueries": [
      "CREATE TABLE IF NOT EXISTS room_master_table (id INTEGER PRIMARY KEY,identity_hash TEXT)",
      "INSERT OR REPLACE INTO room_master_table (id,identity_hash) VALUES(42, '423954e4766402b59fabcf64abfefe1c')"
    ]
  }
}
